Method,MAE,RMSE,Time (s),Avg KS Stat,Avg KS p-value,MAE Rank,RMSE Rank,Time (s) Rank,Avg KS Stat Rank,Average Rank
VAE,0.798898385933652,1.043046361153884,28.51449990272522,0.3786844511985052,1.0620263004737807e-58,3.0,3.0,3.0,1.0,2.5
DAE,1.0356944777965753,1.241002930879995,0.707179069519043,0.5872444606431774,8.265413426520727e-198,2.0,2.0,2.0,4.0,2.5
Da XU DL,1.5237840189112664,1.9868882113443205,66.40931367874146,0.6941391499358124,4.6679692304634365e-97,1.0,1.0,5.0,5.0,3.0
Bayesian PCA,0.7977722253448021,0.993419819130599,0.667029857635498,0.5829125527364029,7.834580453644147e-197,4.0,5.0,1.0,3.0,3.25
MICE,0.6501921800597411,1.005972607155436,46.53833246231079,0.5066915003359217,1.1123917665368342e-101,5.0,4.0,4.0,2.0,3.75
