Method,MAE,RMSE,Time (s),Avg KS Stat,Avg KS p-value,MAE Rank,RMSE Rank,Time (s) Rank,Avg KS Stat Rank,Average Rank
DAE,0.9656769125552075,1.1784342696475285,2.96321177482605,0.5902136096936834,0.0,3.0,3.0,2.0,5.0,3.25
Da XU DL,1.3576561340161146,1.8306475159845168,81.5826346874237,0.6269257933067114,4.28593763408071e-209,2.0,1.0,4.0,7.0,3.5
Bayesian MICE,1.404600591542675,1.62214294416804,95.47067427635193,0.6101895271613499,0.0,1.0,2.0,6.0,6.0,3.75
MICE,0.6526640804199672,1.0117046366487592,49.04665994644165,0.5320979204236262,0.0,7.0,4.0,3.0,2.0,4.0
VAE,0.753532630900534,0.9980677828275165,89.47821831703186,0.41571717256612545,9.333527590177614e-123,5.0,5.0,5.0,1.0,4.0
Bayesian PCA,0.742685135831348,0.946939546947398,0.2961716651916504,0.5659837816984835,0.0,6.0,7.0,1.0,3.0,4.25
Transformer,0.7705057164580228,0.991638534604752,487.9020326137543,0.5898798384579679,0.0,4.0,6.0,7.0,4.0,5.25
